pathway_type,cell_rank,root_id,norm_robustness,in_deg,in_strength,sum_w2,nt_type,pre_primary_type,syn_count,pct_of_cell_inputs,total_input_syn
R1-6,1,720575940599744172,0.0,2.0,2.0,2.0,,L4,2,100.0,2
R1-6,2,720575940601049097,0.0,1.0,1.0,1.0,GLUT,Lawf1,1,100.0,1
R1-6,3,720575940602289198,0.0,1.0,1.0,1.0,ACH,L4,1,100.0,1
R1-6,4,720575940603114869,0.0,2.0,2.0,2.0,,L4,2,100.0,2
R1-6,5,720575940603449010,0.0,2.0,2.0,2.0,ACH,L2,1,50.0,2
R1-6,5,720575940603449010,0.0,2.0,2.0,2.0,ACH,L4,1,50.0,2
R1-6,6,720575940604621251,0.0,1.0,1.0,1.0,ACH,L2,1,100.0,1
R1-6,7,720575940604984800,0.0,2.0,2.0,2.0,,L4,1,50.0,2
R1-6,7,720575940604984800,0.0,2.0,2.0,2.0,,Lai,1,50.0,2
R1-6,8,720575940605364448,0.0,1.0,1.0,1.0,,L4,1,100.0,1
R1-6,10,720575940605400032,0.0,1.0,1.0,1.0,ACH,R7,1,100.0,1
L1,1,720575940627444306,7.7541744324329756,31.0,159.0,2419.0,GABA,R1-6,40,25.157232704402517,159
L1,1,720575940627444306,7.7541744324329756,31.0,159.0,2419.0,GABA,L5,32,20.12578616352201,159
L1,1,720575940627444306,7.7541744324329756,31.0,159.0,2419.0,GABA,Mi1,20,12.578616352201259,159
L1,1,720575940627444306,7.7541744324329756,31.0,159.0,2419.0,GABA,C2,19,11.949685534591195,159
L1,1,720575940627444306,7.7541744324329756,31.0,159.0,2419.0,GABA,Tm3,17,10.69182389937107,159
L1,1,720575940627444306,7.7541744324329756,31.0,159.0,2419.0,GABA,C3,9,5.660377358490566,159
L1,1,720575940627444306,7.7541744324329756,31.0,159.0,2419.0,GABA,Dm18,6,3.7735849056603774,159
L1,1,720575940627444306,7.7541744324329756,31.0,159.0,2419.0,GABA,Lawf1,4,2.5157232704402515,159
L1,1,720575940627444306,7.7541744324329756,31.0,159.0,2419.0,GABA,Mi13,2,1.2578616352201257,159
L1,1,720575940627444306,7.7541744324329756,31.0,159.0,2419.0,GABA,Dm1,2,1.2578616352201257,159
L1,2,720575940631123983,7.759777850033807,14.0,98.0,1618.0,GLUT,L5,30,30.612244897959183,98
L1,2,720575940631123983,7.759777850033807,14.0,98.0,1618.0,GLUT,Tm3,22,22.448979591836736,98
L1,2,720575940631123983,7.759777850033807,14.0,98.0,1618.0,GLUT,C2,18,18.367346938775512,98
L1,2,720575940631123983,7.759777850033807,14.0,98.0,1618.0,GLUT,Mi1,15,15.306122448979592,98
L1,2,720575940631123983,7.759777850033807,14.0,98.0,1618.0,GLUT,R8,7,7.142857142857143,98
L1,2,720575940631123983,7.759777850033807,14.0,98.0,1618.0,GLUT,Dm1,4,4.081632653061225,98
L1,2,720575940631123983,7.759777850033807,14.0,98.0,1618.0,GLUT,C3,1,1.0204081632653061,98
L1,2,720575940631123983,7.759777850033807,14.0,98.0,1618.0,GLUT,L2,1,1.0204081632653061,98
L1,3,720575940637932400,7.752926915073643,17.0,133.0,2281.0,GLUT,L5,43,32.330827067669176,133
L1,3,720575940637932400,7.752926915073643,17.0,133.0,2281.0,GLUT,C2,26,19.548872180451127,133
L1,3,720575940637932400,7.752926915073643,17.0,133.0,2281.0,GLUT,Mi1,20,15.037593984962406,133
L1,3,720575940637932400,7.752926915073643,17.0,133.0,2281.0,GLUT,Tm3,20,15.037593984962406,133
L1,3,720575940637932400,7.752926915073643,17.0,133.0,2281.0,GLUT,R1-6,5,3.7593984962406015,133
L1,3,720575940637932400,7.752926915073643,17.0,133.0,2281.0,GLUT,C3,1,0.7518796992481203,133
L1,3,720575940637932400,7.752926915073643,17.0,133.0,2281.0,GLUT,Dm13,1,0.7518796992481203,133
L1,3,720575940637932400,7.752926915073643,17.0,133.0,2281.0,GLUT,Dm4,1,0.7518796992481203,133
L1,3,720575940637932400,7.752926915073643,17.0,133.0,2281.0,GLUT,Mi4,1,0.7518796992481203,133
L1,4,720575940623606296,7.750735010723273,11.0,115.0,2231.0,GLUT,L5,34,29.565217391304348,115
L1,4,720575940623606296,7.750735010723273,11.0,115.0,2231.0,GLUT,R1-6,33,28.695652173913043,115
L1,4,720575940623606296,7.750735010723273,11.0,115.0,2231.0,GLUT,C2,14,12.173913043478262,115
L1,4,720575940623606296,7.750735010723273,11.0,115.0,2231.0,GLUT,Mi1,14,12.173913043478262,115
L1,4,720575940623606296,7.750735010723273,11.0,115.0,2231.0,GLUT,Tm3,9,7.826086956521739,115
L1,4,720575940623606296,7.750735010723273,11.0,115.0,2231.0,GLUT,Dm10,2,1.7391304347826086,115
L1,4,720575940623606296,7.750735010723273,11.0,115.0,2231.0,GLUT,Dm18,2,1.7391304347826086,115
L1,5,720575940619929680,7.750713104500173,20.0,129.0,2075.0,GLUT,R1-6,39,30.232558139534884,129
L1,5,720575940619929680,7.750713104500173,20.0,129.0,2075.0,GLUT,L5,31,24.031007751937985,129
L1,5,720575940619929680,7.750713104500173,20.0,129.0,2075.0,GLUT,C2,23,17.829457364341085,129
L1,5,720575940619929680,7.750713104500173,20.0,129.0,2075.0,GLUT,Mi1,18,13.953488372093023,129
L1,5,720575940619929680,7.750713104500173,20.0,129.0,2075.0,GLUT,Tm3,11,8.527131782945736,129
L1,5,720575940619929680,7.750713104500173,20.0,129.0,2075.0,GLUT,Dm1,2,1.550387596899225,129
L1,5,720575940619929680,7.750713104500173,20.0,129.0,2075.0,GLUT,Dm8b,2,1.550387596899225,129
L1,5,720575940619929680,7.750713104500173,20.0,129.0,2075.0,GLUT,Lawf1,2,1.550387596899225,129
L1,5,720575940619929680,7.750713104500173,20.0,129.0,2075.0,GLUT,Mi10,1,0.7751937984496124,129
L1,6,720575940637617341,7.763755533970719,25.0,181.0,3023.0,GLUT,R1-6,58,32.04419889502763,181
L1,6,720575940637617341,7.763755533970719,25.0,181.0,3023.0,GLUT,C2,25,13.812154696132596,181
L1,6,720575940637617341,7.763755533970719,25.0,181.0,3023.0,GLUT,L5,25,13.812154696132596,181
L1,6,720575940637617341,7.763755533970719,25.0,181.0,3023.0,GLUT,Mi1,19,10.497237569060774,181
L1,6,720575940637617341,7.763755533970719,25.0,181.0,3023.0,GLUT,Tm3,16,8.839779005524862,181
L1,6,720575940637617341,7.763755533970719,25.0,181.0,3023.0,GLUT,C3,6,3.314917127071823,181
L1,6,720575940637617341,7.763755533970719,25.0,181.0,3023.0,GLUT,Dm1,6,3.314917127071823,181
L1,6,720575940637617341,7.763755533970719,25.0,181.0,3023.0,GLUT,L3,3,1.6574585635359116,181
L1,6,720575940637617341,7.763755533970719,25.0,181.0,3023.0,GLUT,Mi13,3,1.6574585635359116,181
L1,6,720575940637617341,7.763755533970719,25.0,181.0,3023.0,GLUT,Mi2,2,1.1049723756906078,181
L1,7,720575940627311491,7.768989614564825,16.0,102.0,1638.0,GLUT,C2,21,20.58823529411765,102
L1,7,720575940627311491,7.768989614564825,16.0,102.0,1638.0,GLUT,L5,21,20.58823529411765,102
L1,7,720575940627311491,7.768989614564825,16.0,102.0,1638.0,GLUT,Mi1,16,15.686274509803921,102
L1,7,720575940627311491,7.768989614564825,16.0,102.0,1638.0,GLUT,Tm3,11,10.784313725490197,102
L1,7,720575940627311491,7.768989614564825,16.0,102.0,1638.0,GLUT,R1-6,6,5.882352941176471,102
L1,7,720575940627311491,7.768989614564825,16.0,102.0,1638.0,GLUT,Dm9,2,1.9607843137254901,102
L1,7,720575940627311491,7.768989614564825,16.0,102.0,1638.0,GLUT,C3,1,0.9803921568627451,102
L1,7,720575940627311491,7.768989614564825,16.0,102.0,1638.0,GLUT,T1,1,0.9803921568627451,102
L1,8,720575940612019150,7.7411287964958175,18.0,125.0,2055.0,GLUT,R1-6,63,50.4,125
L1,8,720575940612019150,7.7411287964958175,18.0,125.0,2055.0,GLUT,L5,27,21.6,125
L1,8,720575940612019150,7.7411287964958175,18.0,125.0,2055.0,GLUT,C2,11,8.8,125
L1,8,720575940612019150,7.7411287964958175,18.0,125.0,2055.0,GLUT,Mi1,9,7.2,125
L1,8,720575940612019150,7.7411287964958175,18.0,125.0,2055.0,GLUT,Tm3,4,3.2,125
L1,8,720575940612019150,7.7411287964958175,18.0,125.0,2055.0,GLUT,L2,3,2.4,125
L1,8,720575940612019150,7.7411287964958175,18.0,125.0,2055.0,GLUT,Dm1,2,1.6,125
L1,8,720575940612019150,7.7411287964958175,18.0,125.0,2055.0,GLUT,R7,2,1.6,125
L1,8,720575940612019150,7.7411287964958175,18.0,125.0,2055.0,GLUT,L3,1,0.8,125
L1,8,720575940612019150,7.7411287964958175,18.0,125.0,2055.0,GLUT,L4,1,0.8,125
L1,9,720575940622127088,7.740887495665754,17.0,85.0,1285.0,GLUT,C2,24,28.235294117647058,85
L1,9,720575940622127088,7.740887495665754,17.0,85.0,1285.0,GLUT,L5,24,28.235294117647058,85
L1,9,720575940622127088,7.740887495665754,17.0,85.0,1285.0,GLUT,Mi1,10,11.764705882352942,85
L1,9,720575940622127088,7.740887495665754,17.0,85.0,1285.0,GLUT,R1-6,10,11.764705882352942,85
L1,9,720575940622127088,7.740887495665754,17.0,85.0,1285.0,GLUT,Tm3,8,9.411764705882353,85
L1,9,720575940622127088,7.740887495665754,17.0,85.0,1285.0,GLUT,C3,2,2.3529411764705883,85
L1,9,720575940622127088,7.740887495665754,17.0,85.0,1285.0,GLUT,Dm6,1,1.1764705882352942,85
L1,9,720575940622127088,7.740887495665754,17.0,85.0,1285.0,GLUT,L2,1,1.1764705882352942,85
L1,9,720575940622127088,7.740887495665754,17.0,85.0,1285.0,GLUT,Mi14,1,1.1764705882352942,85
L1,10,720575940639636046,7.775660862444485,14.0,89.0,1429.0,GLUT,L5,31,34.831460674157306,89
L1,10,720575940639636046,7.775660862444485,14.0,89.0,1429.0,GLUT,Mi1,16,17.97752808988764,89
L1,10,720575940639636046,7.775660862444485,14.0,89.0,1429.0,GLUT,Tm3,12,13.48314606741573,89
L1,10,720575940639636046,7.775660862444485,14.0,89.0,1429.0,GLUT,R1-6,10,11.235955056179776,89
L1,10,720575940639636046,7.775660862444485,14.0,89.0,1429.0,GLUT,C2,9,10.112359550561798,89
L1,10,720575940639636046,7.775660862444485,14.0,89.0,1429.0,GLUT,R8,2,2.247191011235955,89
L1,10,720575940639636046,7.775660862444485,14.0,89.0,1429.0,GLUT,Dm1,1,1.1235955056179776,89
L1,10,720575940639636046,7.775660862444485,14.0,89.0,1429.0,GLUT,L4,1,1.1235955056179776,89
Mi9,1,720575940613730674,10.75269808004652,57.0,236.0,4852.0,GABA,Mi4,62,26.271186440677965,236
Mi9,1,720575940613730674,10.75269808004652,57.0,236.0,4852.0,GABA,Tm16,24,10.169491525423728,236
Mi9,1,720575940613730674,10.75269808004652,57.0,236.0,4852.0,GABA,Dm12,16,6.779661016949152,236
Mi9,1,720575940613730674,10.75269808004652,57.0,236.0,4852.0,GABA,Dm15,14,5.932203389830509,236
Mi9,1,720575940613730674,10.75269808004652,57.0,236.0,4852.0,GABA,Mi10,12,5.084745762711864,236
Mi9,1,720575940613730674,10.75269808004652,57.0,236.0,4852.0,GABA,Tm20,10,4.237288135593221,236
Mi9,1,720575940613730674,10.75269808004652,57.0,236.0,4852.0,GABA,C3,9,3.8135593220338984,236
Mi9,1,720575940613730674,10.75269808004652,57.0,236.0,4852.0,GABA,Tm2,9,3.8135593220338984,236
Mi9,1,720575940613730674,10.75269808004652,57.0,236.0,4852.0,GABA,T4c,8,3.389830508474576,236
Mi9,1,720575940613730674,10.75269808004652,57.0,236.0,4852.0,GABA,Mi1,7,2.9661016949152543,236
Mi9,2,720575940624443319,10.756320159071269,58.0,222.0,4588.0,GLUT,L3,55,24.774774774774773,222
Mi9,2,720575940624443319,10.756320159071269,58.0,222.0,4588.0,GLUT,Mi4,40,18.01801801801802,222
Mi9,2,720575940624443319,10.756320159071269,58.0,222.0,4588.0,GLUT,TmY16,15,6.756756756756757,222
Mi9,2,720575940624443319,10.756320159071269,58.0,222.0,4588.0,GLUT,Tm16,14,6.306306306306307,222
Mi9,2,720575940624443319,10.756320159071269,58.0,222.0,4588.0,GLUT,Dm12,10,4.504504504504505,222
Mi9,2,720575940624443319,10.756320159071269,58.0,222.0,4588.0,GLUT,Mi10,10,4.504504504504505,222
Mi9,2,720575940624443319,10.756320159071269,58.0,222.0,4588.0,GLUT,C3,9,4.054054054054054,222
Mi9,2,720575940624443319,10.756320159071269,58.0,222.0,4588.0,GLUT,T4a,7,3.1531531531531534,222
Mi9,2,720575940624443319,10.756320159071269,58.0,222.0,4588.0,GLUT,Tm20,5,2.2522522522522523,222
Mi9,2,720575940624443319,10.756320159071269,58.0,222.0,4588.0,GLUT,Pm06,4,1.8018018018018018,222
Mi9,3,720575940622592726,10.74522295344343,52.0,223.0,4575.0,GLUT,L3,52,23.318385650224215,223
Mi9,3,720575940622592726,10.74522295344343,52.0,223.0,4575.0,GLUT,Mi4,40,17.937219730941703,223
Mi9,3,720575940622592726,10.74522295344343,52.0,223.0,4575.0,GLUT,Dm12,18,8.071748878923767,223
Mi9,3,720575940622592726,10.74522295344343,52.0,223.0,4575.0,GLUT,Dm20,14,6.278026905829597,223
Mi9,3,720575940622592726,10.74522295344343,52.0,223.0,4575.0,GLUT,Tm2,14,6.278026905829597,223
Mi9,3,720575940622592726,10.74522295344343,52.0,223.0,4575.0,GLUT,Tm16,11,4.932735426008969,223
Mi9,3,720575940622592726,10.74522295344343,52.0,223.0,4575.0,GLUT,Mi1,9,4.0358744394618835,223
Mi9,3,720575940622592726,10.74522295344343,52.0,223.0,4575.0,GLUT,C3,8,3.587443946188341,223
Mi9,3,720575940622592726,10.74522295344343,52.0,223.0,4575.0,GLUT,Mi10,8,3.587443946188341,223
Mi9,3,720575940622592726,10.74522295344343,52.0,223.0,4575.0,GLUT,Dm15,5,2.242152466367713,223
Mi9,4,720575940642035675,10.761229374685724,51.0,199.0,4109.0,,Mi4,57,28.64321608040201,199
Mi9,4,720575940642035675,10.761229374685724,51.0,199.0,4109.0,,C3,15,7.5376884422110555,199
Mi9,4,720575940642035675,10.761229374685724,51.0,199.0,4109.0,,L3,11,5.527638190954774,199
Mi9,4,720575940642035675,10.761229374685724,51.0,199.0,4109.0,,Tm16,10,5.025125628140704,199
Mi9,4,720575940642035675,10.761229374685724,51.0,199.0,4109.0,,Mi1,10,5.025125628140704,199
Mi9,4,720575940642035675,10.761229374685724,51.0,199.0,4109.0,,Tm20,9,4.522613065326633,199
Mi9,4,720575940642035675,10.761229374685724,51.0,199.0,4109.0,,T4a,9,4.522613065326633,199
Mi9,4,720575940642035675,10.761229374685724,51.0,199.0,4109.0,,Mi10,8,4.0201005025125625,199
Mi9,4,720575940642035675,10.761229374685724,51.0,199.0,4109.0,,Dm16,7,3.5175879396984926,199
Mi9,4,720575940642035675,10.761229374685724,51.0,199.0,4109.0,,Tm2,7,3.5175879396984926,199
Mi9,5,720575940626606522,10.741290648255026,66.0,234.0,4862.0,,Mi4,62,26.495726495726494,234
Mi9,5,720575940626606522,10.741290648255026,66.0,234.0,4862.0,,Tm2,18,7.6923076923076925,234
Mi9,5,720575940626606522,10.741290648255026,66.0,234.0,4862.0,,Dm12,13,5.555555555555555,234
Mi9,5,720575940626606522,10.741290648255026,66.0,234.0,4862.0,,Mi10,12,5.128205128205129,234
Mi9,5,720575940626606522,10.741290648255026,66.0,234.0,4862.0,,C3,12,5.128205128205129,234
Mi9,5,720575940626606522,10.741290648255026,66.0,234.0,4862.0,,Tm16,11,4.700854700854701,234
Mi9,5,720575940626606522,10.741290648255026,66.0,234.0,4862.0,,Dm15,10,4.273504273504273,234
Mi9,5,720575940626606522,10.741290648255026,66.0,234.0,4862.0,,Tm20,10,4.273504273504273,234
Mi9,5,720575940626606522,10.741290648255026,66.0,234.0,4862.0,,L3,10,4.273504273504273,234
Mi9,5,720575940626606522,10.741290648255026,66.0,234.0,4862.0,,TmY16,8,3.4188034188034186,234
Mi9,6,720575940612695525,10.771398065439026,48.0,202.0,4158.0,GLUT,L3,42,20.792079207920793,202
Mi9,6,720575940612695525,10.771398065439026,48.0,202.0,4158.0,GLUT,Mi4,42,20.792079207920793,202
Mi9,6,720575940612695525,10.771398065439026,48.0,202.0,4158.0,GLUT,Tm2,18,8.910891089108912,202
Mi9,6,720575940612695525,10.771398065439026,48.0,202.0,4158.0,GLUT,Mi10,12,5.9405940594059405,202
Mi9,6,720575940612695525,10.771398065439026,48.0,202.0,4158.0,GLUT,Dm12,10,4.9504950495049505,202
Mi9,6,720575940612695525,10.771398065439026,48.0,202.0,4158.0,GLUT,L4,8,3.9603960396039604,202
Mi9,6,720575940612695525,10.771398065439026,48.0,202.0,4158.0,GLUT,Dm16,7,3.4653465346534653,202
Mi9,6,720575940612695525,10.771398065439026,48.0,202.0,4158.0,GLUT,Tm1,6,2.9702970297029703,202
Mi9,6,720575940612695525,10.771398065439026,48.0,202.0,4158.0,GLUT,C3,5,2.4752475247524752,202
Mi9,6,720575940612695525,10.771398065439026,48.0,202.0,4158.0,GLUT,Dm20,5,2.4752475247524752,202
Mi9,7,720575940623171939,10.771567657939505,63.0,265.0,5455.0,,L3,48,18.11320754716981,265
Mi9,7,720575940623171939,10.771567657939505,63.0,265.0,5455.0,,Mi4,41,15.471698113207546,265
Mi9,7,720575940623171939,10.771567657939505,63.0,265.0,5455.0,,Tm2,29,10.943396226415095,265
Mi9,7,720575940623171939,10.771567657939505,63.0,265.0,5455.0,,Dm12,24,9.056603773584905,265
Mi9,7,720575940623171939,10.771567657939505,63.0,265.0,5455.0,,Mi10,14,5.283018867924528,265
Mi9,7,720575940623171939,10.771567657939505,63.0,265.0,5455.0,,Mi1,13,4.90566037735849,265
Mi9,7,720575940623171939,10.771567657939505,63.0,265.0,5455.0,,C3,9,3.3962264150943398,265
Mi9,7,720575940623171939,10.771567657939505,63.0,265.0,5455.0,,Tm20,8,3.018867924528302,265
Mi9,7,720575940623171939,10.771567657939505,63.0,265.0,5455.0,,Dm15,7,2.641509433962264,265
Mi9,7,720575940623171939,10.771567657939505,63.0,265.0,5455.0,,Pm06,7,2.641509433962264,265
Mi9,8,720575940638323940,10.776835913546595,82.0,319.0,6599.0,,L3,60,18.808777429467085,319
Mi9,8,720575940638323940,10.776835913546595,82.0,319.0,6599.0,,Mi4,44,13.793103448275861,319
Mi9,8,720575940638323940,10.776835913546595,82.0,319.0,6599.0,,Tm2,30,9.404388714733543,319
Mi9,8,720575940638323940,10.776835913546595,82.0,319.0,6599.0,,Mi1,17,5.329153605015674,319
Mi9,8,720575940638323940,10.776835913546595,82.0,319.0,6599.0,,C3,15,4.702194357366771,319
Mi9,8,720575940638323940,10.776835913546595,82.0,319.0,6599.0,,Pm06,12,3.761755485893417,319
Mi9,8,720575940638323940,10.776835913546595,82.0,319.0,6599.0,,Dm15,12,3.761755485893417,319
Mi9,8,720575940638323940,10.776835913546595,82.0,319.0,6599.0,,Dm16,11,3.4482758620689653,319
Mi9,8,720575940638323940,10.776835913546595,82.0,319.0,6599.0,,Tm20,10,3.134796238244514,319
Mi9,8,720575940638323940,10.776835913546595,82.0,319.0,6599.0,,L4,10,3.134796238244514,319
Mi9,9,720575940623679684,10.777496771400799,69.0,238.0,4980.0,GLUT,Mi4,51,21.428571428571427,238
Mi9,9,720575940623679684,10.777496771400799,69.0,238.0,4980.0,GLUT,L3,50,21.008403361344538,238
Mi9,9,720575940623679684,10.777496771400799,69.0,238.0,4980.0,GLUT,Tm2,12,5.042016806722689,238
Mi9,9,720575940623679684,10.777496771400799,69.0,238.0,4980.0,GLUT,Mi10,10,4.201680672268908,238
Mi9,9,720575940623679684,10.777496771400799,69.0,238.0,4980.0,GLUT,Dm12,9,3.7815126050420167,238
Mi9,9,720575940623679684,10.777496771400799,69.0,238.0,4980.0,GLUT,Tm1,9,3.7815126050420167,238
Mi9,9,720575940623679684,10.777496771400799,69.0,238.0,4980.0,GLUT,L4,8,3.361344537815126,238
Mi9,9,720575940623679684,10.777496771400799,69.0,238.0,4980.0,GLUT,Mi1,7,2.9411764705882355,238
Mi9,9,720575940623679684,10.777496771400799,69.0,238.0,4980.0,GLUT,TmY16,6,2.5210084033613445,238
Mi9,9,720575940623679684,10.777496771400799,69.0,238.0,4980.0,GLUT,C3,6,2.5210084033613445,238
Mi9,10,720575940627088792,10.727156494084083,71.0,240.0,5006.0,,Mi4,49,20.416666666666668,240
Mi9,10,720575940627088792,10.727156494084083,71.0,240.0,5006.0,,L3,47,19.583333333333332,240
Mi9,10,720575940627088792,10.727156494084083,71.0,240.0,5006.0,,Tm2,17,7.083333333333333,240
Mi9,10,720575940627088792,10.727156494084083,71.0,240.0,5006.0,,Dm20,12,5.0,240
Mi9,10,720575940627088792,10.727156494084083,71.0,240.0,5006.0,,Mi10,10,4.166666666666667,240
Mi9,10,720575940627088792,10.727156494084083,71.0,240.0,5006.0,,C3,10,4.166666666666667,240
Mi9,10,720575940627088792,10.727156494084083,71.0,240.0,5006.0,,TmY16,10,4.166666666666667,240
Mi9,10,720575940627088792,10.727156494084083,71.0,240.0,5006.0,,Pm06,8,3.3333333333333335,240
Mi9,10,720575940627088792,10.727156494084083,71.0,240.0,5006.0,,Mi1,8,3.3333333333333335,240
Mi9,10,720575940627088792,10.727156494084083,71.0,240.0,5006.0,,L4,5,2.0833333333333335,240
T4,1,720575940617495867,3.6866996565407772,46.0,130.0,944.0,,Mi1,36,27.692307692307693,130
T4,1,720575940617495867,3.6866996565407772,46.0,130.0,944.0,,Tm3,15,11.538461538461538,130
T4,1,720575940617495867,3.6866996565407772,46.0,130.0,944.0,,Y12,12,9.23076923076923,130
T4,1,720575940617495867,3.6866996565407772,46.0,130.0,944.0,,CT1,9,6.923076923076923,130
T4,1,720575940617495867,3.6866996565407772,46.0,130.0,944.0,,LPi13,8,6.153846153846154,130
T4,1,720575940617495867,3.6866996565407772,46.0,130.0,944.0,,TmY15,7,5.384615384615385,130
T4,1,720575940617495867,3.6866996565407772,46.0,130.0,944.0,,T4d,7,5.384615384615385,130
T4,1,720575940617495867,3.6866996565407772,46.0,130.0,944.0,,Mi4,6,4.615384615384615,130
T4,1,720575940617495867,3.6866996565407772,46.0,130.0,944.0,,LMa4,5,3.8461538461538463,130
T4,1,720575940617495867,3.6866996565407772,46.0,130.0,944.0,,Mi9,5,3.8461538461538463,130
T4,2,720575940635616154,3.6862493708922006,38.0,85.0,581.0,ACH,Mi1,30,35.294117647058826,85
T4,2,720575940635616154,3.6862493708922006,38.0,85.0,581.0,ACH,Tm3,9,10.588235294117647,85
T4,2,720575940635616154,3.6862493708922006,38.0,85.0,581.0,ACH,Tlp1,6,7.0588235294117645,85
T4,2,720575940635616154,3.6862493708922006,38.0,85.0,581.0,ACH,Mi4,5,5.882352941176471,85
T4,2,720575940635616154,3.6862493708922006,38.0,85.0,581.0,ACH,CT1,5,5.882352941176471,85
T4,2,720575940635616154,3.6862493708922006,38.0,85.0,581.0,ACH,Y1,4,4.705882352941177,85
T4,2,720575940635616154,3.6862493708922006,38.0,85.0,581.0,ACH,Mi9,4,4.705882352941177,85
T4,2,720575940635616154,3.6862493708922006,38.0,85.0,581.0,ACH,C3,3,3.5294117647058822,85
T4,2,720575940635616154,3.6862493708922006,38.0,85.0,581.0,ACH,T5c,2,2.3529411764705883,85
T4,2,720575940635616154,3.6862493708922006,38.0,85.0,581.0,ACH,Y12,2,2.3529411764705883,85
T4,3,720575940620625067,3.6861928741792584,59.0,161.0,1157.0,ACH,Mi1,48,29.81366459627329,161
T4,3,720575940620625067,3.6861928741792584,59.0,161.0,1157.0,ACH,Tm3,21,13.043478260869565,161
T4,3,720575940620625067,3.6861928741792584,59.0,161.0,1157.0,ACH,T4c,10,6.211180124223603,161
T4,3,720575940620625067,3.6861928741792584,59.0,161.0,1157.0,ACH,Y11,9,5.590062111801243,161
T4,3,720575940620625067,3.6861928741792584,59.0,161.0,1157.0,ACH,CT1,9,5.590062111801243,161
T4,3,720575940620625067,3.6861928741792584,59.0,161.0,1157.0,ACH,Mi9,9,5.590062111801243,161
T4,3,720575940620625067,3.6861928741792584,59.0,161.0,1157.0,ACH,Tlp14,8,4.968944099378882,161
T4,3,720575940620625067,3.6861928741792584,59.0,161.0,1157.0,ACH,Mi4,7,4.3478260869565215,161
T4,3,720575940620625067,3.6861928741792584,59.0,161.0,1157.0,ACH,TmY15,6,3.7267080745341614,161
T4,3,720575940620625067,3.6861928741792584,59.0,161.0,1157.0,ACH,C3,5,3.1055900621118013,161
T4,4,720575940650129273,3.685676088548998,30.0,98.0,746.0,,Mi1,34,34.69387755102041,98
T4,4,720575940650129273,3.685676088548998,30.0,98.0,746.0,,Tm3,14,14.285714285714286,98
T4,4,720575940650129273,3.685676088548998,30.0,98.0,746.0,,CT1,12,12.244897959183673,98
T4,4,720575940650129273,3.685676088548998,30.0,98.0,746.0,,T4b,7,7.142857142857143,98
T4,4,720575940650129273,3.685676088548998,30.0,98.0,746.0,,TmY15,6,6.122448979591836,98
T4,4,720575940650129273,3.685676088548998,30.0,98.0,746.0,,Mi9,5,5.1020408163265305,98
T4,4,720575940650129273,3.685676088548998,30.0,98.0,746.0,,LPi12,4,4.081632653061225,98
T4,4,720575940650129273,3.685676088548998,30.0,98.0,746.0,,Mi4,4,4.081632653061225,98
T4,4,720575940650129273,3.685676088548998,30.0,98.0,746.0,,T5b,2,2.0408163265306123,98
T4,4,720575940650129273,3.685676088548998,30.0,98.0,746.0,,T4a,2,2.0408163265306123,98
T4,5,720575940619192709,3.6855457825696707,63.0,185.0,1359.0,ACH,Mi1,57,30.81081081081081,185
T4,5,720575940619192709,3.6855457825696707,63.0,185.0,1359.0,ACH,Mi9,25,13.513513513513514,185
T4,5,720575940619192709,3.6855457825696707,63.0,185.0,1359.0,ACH,Tm3,19,10.27027027027027,185
T4,5,720575940619192709,3.6855457825696707,63.0,185.0,1359.0,ACH,Mi4,12,6.486486486486487,185
T4,5,720575940619192709,3.6855457825696707,63.0,185.0,1359.0,ACH,T4d,11,5.945945945945946,185
T4,5,720575940619192709,3.6855457825696707,63.0,185.0,1359.0,ACH,Y12,8,4.324324324324325,185
T4,5,720575940619192709,3.6855457825696707,63.0,185.0,1359.0,ACH,CT1,6,3.2432432432432434,185
T4,5,720575940619192709,3.6855457825696707,63.0,185.0,1359.0,ACH,TmY15,6,3.2432432432432434,185
T4,5,720575940619192709,3.6855457825696707,63.0,185.0,1359.0,ACH,LMa4,5,2.7027027027027026,185
T4,5,720575940619192709,3.6855457825696707,63.0,185.0,1359.0,ACH,C3,4,2.1621621621621623,185
T4,6,720575940628004113,3.6883056749098087,46.0,121.0,861.0,,Mi1,30,24.793388429752067,121
T4,6,720575940628004113,3.6883056749098087,46.0,121.0,861.0,,Mi9,20,16.52892561983471,121
T4,6,720575940628004113,3.6883056749098087,46.0,121.0,861.0,,Tm3,16,13.223140495867769,121
T4,6,720575940628004113,3.6883056749098087,46.0,121.0,861.0,,TmY15,6,4.958677685950414,121
T4,6,720575940628004113,3.6883056749098087,46.0,121.0,861.0,,CT1,4,3.3057851239669422,121
T4,6,720575940628004113,3.6883056749098087,46.0,121.0,861.0,,Mi4,4,3.3057851239669422,121
T4,6,720575940628004113,3.6883056749098087,46.0,121.0,861.0,,Pm05,3,2.479338842975207,121
T4,6,720575940628004113,3.6883056749098087,46.0,121.0,861.0,,Y12,3,2.479338842975207,121
T4,6,720575940628004113,3.6883056749098087,46.0,121.0,861.0,,TmY3,3,2.479338842975207,121
T4,6,720575940628004113,3.6883056749098087,46.0,121.0,861.0,,Tlp1,3,2.479338842975207,121
T4,7,720575940623110349,3.6850154714944114,56.0,150.0,1072.0,ACH,Mi1,39,26.0,150
T4,7,720575940623110349,3.6850154714944114,56.0,150.0,1072.0,ACH,Tm3,21,14.0,150
T4,7,720575940623110349,3.6850154714944114,56.0,150.0,1072.0,ACH,CT1,13,8.666666666666666,150
T4,7,720575940623110349,3.6850154714944114,56.0,150.0,1072.0,ACH,Mi9,11,7.333333333333333,150
T4,7,720575940623110349,3.6850154714944114,56.0,150.0,1072.0,ACH,T4a,11,7.333333333333333,150
T4,7,720575940623110349,3.6850154714944114,56.0,150.0,1072.0,ACH,TmY15,7,4.666666666666667,150
T4,7,720575940623110349,3.6850154714944114,56.0,150.0,1072.0,ACH,Mi4,7,4.666666666666667,150
T4,7,720575940623110349,3.6850154714944114,56.0,150.0,1072.0,ACH,Y11,6,4.0,150
T4,7,720575940623110349,3.6850154714944114,56.0,150.0,1072.0,ACH,VCH,6,4.0,150
T4,7,720575940623110349,3.6850154714944114,56.0,150.0,1072.0,ACH,Y1,4,2.6666666666666665,150
T4,8,720575940641621812,3.68855996452622,58.0,165.0,1201.0,ACH,Mi1,38,23.03030303030303,165
T4,8,720575940641621812,3.68855996452622,58.0,165.0,1201.0,ACH,T4a,20,12.121212121212121,165
T4,8,720575940641621812,3.68855996452622,58.0,165.0,1201.0,ACH,CT1,17,10.303030303030303,165
T4,8,720575940641621812,3.68855996452622,58.0,165.0,1201.0,ACH,TmY15,12,7.2727272727272725,165
T4,8,720575940641621812,3.68855996452622,58.0,165.0,1201.0,ACH,DCH,11,6.666666666666667,165
T4,8,720575940641621812,3.68855996452622,58.0,165.0,1201.0,ACH,Y12,7,4.242424242424242,165
T4,8,720575940641621812,3.68855996452622,58.0,165.0,1201.0,ACH,Y1,7,4.242424242424242,165
T4,8,720575940641621812,3.68855996452622,58.0,165.0,1201.0,ACH,LPi15,7,4.242424242424242,165
T4,8,720575940641621812,3.68855996452622,58.0,165.0,1201.0,ACH,Y11,6,3.6363636363636362,165
T4,8,720575940641621812,3.68855996452622,58.0,165.0,1201.0,ACH,Mi9,4,2.4242424242424243,165
T4,9,720575940637893609,3.6890948298347155,42.0,111.0,791.0,ACH,Mi1,34,30.63063063063063,111
T4,9,720575940637893609,3.6890948298347155,42.0,111.0,791.0,ACH,Tm3,9,8.108108108108109,111
T4,9,720575940637893609,3.6890948298347155,42.0,111.0,791.0,ACH,Mi9,8,7.207207207207207,111
T4,9,720575940637893609,3.6890948298347155,42.0,111.0,791.0,ACH,LPi12,7,6.306306306306307,111
T4,9,720575940637893609,3.6890948298347155,42.0,111.0,791.0,ACH,TmY15,6,5.405405405405405,111
T4,9,720575940637893609,3.6890948298347155,42.0,111.0,791.0,ACH,CT1,6,5.405405405405405,111
T4,9,720575940637893609,3.6890948298347155,42.0,111.0,791.0,ACH,T5b,6,5.405405405405405,111
T4,9,720575940637893609,3.6890948298347155,42.0,111.0,791.0,ACH,T4c,5,4.504504504504505,111
T4,9,720575940637893609,3.6890948298347155,42.0,111.0,791.0,ACH,cM15,4,3.6036036036036037,111
T4,9,720575940637893609,3.6890948298347155,42.0,111.0,791.0,ACH,LPi10,4,3.6036036036036037,111
T4,10,720575940619197854,3.684234459261491,60.0,161.0,1151.0,ACH,Mi1,44,27.32919254658385,161
T4,10,720575940619197854,3.684234459261491,60.0,161.0,1151.0,ACH,T4a,14,8.695652173913043,161
T4,10,720575940619197854,3.684234459261491,60.0,161.0,1151.0,ACH,Mi9,14,8.695652173913043,161
T4,10,720575940619197854,3.684234459261491,60.0,161.0,1151.0,ACH,CT1,12,7.453416149068323,161
T4,10,720575940619197854,3.684234459261491,60.0,161.0,1151.0,ACH,Y11,9,5.590062111801243,161
T4,10,720575940619197854,3.684234459261491,60.0,161.0,1151.0,ACH,TmY15,8,4.968944099378882,161
T4,10,720575940619197854,3.684234459261491,60.0,161.0,1151.0,ACH,DCH,7,4.3478260869565215,161
T4,10,720575940619197854,3.684234459261491,60.0,161.0,1151.0,ACH,Tm3,7,4.3478260869565215,161
T4,10,720575940619197854,3.684234459261491,60.0,161.0,1151.0,ACH,Mi4,6,3.7267080745341614,161
T4,10,720575940619197854,3.684234459261491,60.0,161.0,1151.0,ACH,C3,5,3.1055900621118013,161
